req_id,domain,requirement,answer_terms,answer_from,not_evidence_for,discovery_aspects,index_tables
SEP-GEN-01,3.1,Classified inventory of OT assets and enabling systems (type role location IT/OT dependencies),host;server;role;site;location;component;application server;virtual machine;asset;inventory;jump host;cluster node,host register roles and sites; captured host list; system matrix; target host map,architecture narrative; flow-level detail; per-domain configuration,Hosts and roles;Sites;Application functions;IT or OT classification,host_summary|target_host_map|system_matrix
SEP-GEN-03,3.1,Dependencies of vital OT systems including connections outside the OT environment documented and understood,dependency;depends on;dependencies;external;enterprise service;outside the ot;integration;azure;third-party service,host-to-host links; flow register; dependency summary; established connections,a dependency's own configuration (goes to its domain),External dependencies;Integrations,expected_flow_map|flows|established_connections|dependency_summary
SEP-ID-01,3.2,OT-resident authentication for human users independent of IT AD,active directory;domain member;domain-joined;domain joined;forest;trust;logon;user account;interactive logon;kerberos;ntlm;internal.qr.com.au,domain membership; domain controller discovery; local users and groups; logon events,service accounts (SEP-ID-02); jump-host routing (3.8),Directory;Domain membership;Human logon,auth_configs|local_users|local_groups|logs_dns_ntp_auth
SEP-ID-02,3.2,Service accounts processes and devices authenticated independently of IT-domain service accounts,service account;run as;runs as;gmsa;sql service account;logon as;startname;scheduled task account;app pool,service logon accounts; scheduled task principals; SQL service accounts,human user logons,Service accounts,services_inventory|scheduled_tasks
SEP-ID-03,3.2,Remote and administrative access via OT-resident jump hosts monitored and authenticated,jump host;remote desktop;rdp;vnc;ssh;pam;privileged access;session recording;session monitoring,listening remote-access ports; remote desktop users; jump host roles; logon events,vendor access paths (3.16),Remote access;Session monitoring,listening_ports|remote_desktop_users
SEP-PKI-01,3.3,Certificates from an OT-resident PKI or a tested fallback,certificate;certificates;issuer;issued by;certificate authority;pki;tls;ssl;adcs,machine certificate issuers; certificate-to-service mapping,root store contents alone (trust anchors are not issuance),Certificate source,certificates_localmachine_my|certificate_service_mapping
SEP-PKI-02,3.3,Issuance renewal and revocation checking without IT-hosted CA CRL or OCSP,renewal;autoenrol;auto-enrol;crl;ocsp;revocation;expiry;expires;notafter,certificate expiry dates; CDP and AIA locations; autoenrolment policy,certificate presence alone,Renewal;Revocation,certificates_localmachine_my
SEP-TIME-01,3.4,Time from an OT-resident authoritative source independent of the IT domain hierarchy,ntp;w32time;time source;stratum;pdc emulator;time.windows.com;time synchronisation;time synchronization;peer;clock,w32tm status and peers; time service configuration; time events,event timestamps,Time source;Hierarchy;Fallback peers,time_status|logs_dns_ntp_auth
SEP-DNS-01,3.5,OT-resident DNS resolvers independent of IT DNS or a tested fallback,dns;resolver;resolvers;name resolution;fqdn;hosts file;local hosts;conditional forward;zone;nameserver,resolver configuration per interface; DNS query tests; role-aware resolution tests; hosts file entries,successful resolution alone (does not show independence),Resolvers;Zones resolved;Local overrides;Fallback,resolver|dns_query_tests|dns_resolution_validation|role_aware_connectivity|dependency_summary
SEP-NET-01,3.6,Assets in defined zones (Z0-Z6) with an SL-T; inter-zone traffic only through defined conduits,zone;subnet;vlan;conduit;segment;security level;sl-t;network segment,interface configuration and routes; design documents; flow register,individual flow lists (use for SEP-NET-02),Zones and subnets;Conduits,ip_interface_config|ip_route
SEP-NET-02,3.6,Boundary protection at every IT/OT and inter-zone boundary; no undocumented cross-zone flows,cross-zone;boundary;undocumented;flow register;established connection;inter-site;wan,established connections compared with the flow register,host firewall rules (host control not boundary),Cross-zone flows;Undocumented flows,established_connections|established_connection_matches|expected_flow_map
SEP-NET-03,3.6,General-purpose IT services restricted from vital OT zones,smb;file share;exchange;sccm;print;enterprise service;general-purpose;active directory service;445,established connections to IT services,internet and SMTP routes (3.17),IT services reached from OT,established_connections
SEP-STOR-01,3.7,OT-resident storage for operational data or a fallback,local storage;stored;data held;retention;local share;nas;san;disk;database files;local path,local shares; local data paths; database file locations,SQL availability design (5.3); Azure or DNS dependencies,Where operational data is held,local_shares
SEP-STOR-02,3.7,IT-to-OT file transfer only through a defined controlled pattern,file transfer;copy;sftp;ftp;robocopy;smb share;scan;removable media;usb;transfer,SMB connections to IT; shares; transfer tools; scheduled copy tasks,application API flows,Transfer mechanisms;Scanning,local_shares|established_connections|scheduled_tasks
SEP-STOR-03,3.7,OT pushes data out rather than IT pulling data in,push;pull;initiates;initiated;inbound;outbound;direction,connection direction (listening versus initiating side),,Direction of transfer,established_connections|listening_ports
SEP-MGT-01,3.8,Administrative and SaaS-bound access through OT-resident jump or management hosts and gateways not the general IT proxy,jump host;management host;admin access;administrative access;rdp;console;saas;gateway;vnc;ssh,jump host roles; RDP/VNC/SSH listeners and sources; proxy configuration,,Admin route;Jump hosts,listening_ports|proxy_configuration|remote_desktop
SEP-MGT-02,3.8,Local administrator and remote-access group membership defined in the OT domain,local administrators;administrators group;remote desktop users;membership;domain group;admin group,local administrators membership; remote desktop users membership,,Admin groups,local_admins_membership|remote_desktop_users_membership
SEP-MON-01,3.9,Logs to an OT-resident monitoring capability that can federate to IT SIEM,splunk;scom;siem;syslog;log forwarding;forwarder;monitoring agent;event collector;healthservice,monitoring agent services; connections to collectors,EDR presence alone,Log destination;Monitoring agents,services_inventory|established_connections
SEP-MON-02,3.9,Monitoring coverage (EDR/AV patch compliance central logging) verified across all vital hosts,crowdstrike;falcon;edr;defender;antivirus;coverage;agent installed;sensor,per-host agent presence counted against the host register,,Coverage by host,services_inventory|installed_software
SEP-MON-03,3.9,Log sources retention and tamper protection defined and applied,retention;log size;tamper;audit policy;event log;maximum size;overwrite,audit policy; event log configuration,forwarder presence (SEP-MON-01),Retention;Tamper protection,gpresult|local_security_policy
SEP-PATCH-01,3.10,Patching and configuration management through an OT-resident capability independent of IT SCCM/MECM,sccm;mecm;wsus;ccmexec;configuration manager;windows update;wuserver;patch source;software update,Windows Update configuration; SCCM/MECM client check; update services,installed versions alone,Update source;Tooling,windows_update_config|sccm_mecm_check
SEP-PATCH-02,3.10,Documented OT-appropriate cadence with an escalation path for urgent patches,cadence;maintenance window;patch cycle;hotfix;installed on;last patched;patch level;out of date;end of life;lifecycle,hotfix install dates; maintenance windows; documented process; OS versions and support dates,tooling (SEP-PATCH-01),Cadence;Currency;Lifecycle,installed_hotfixes
SEP-BAK-01,3.11,Working backup independent of IT backup infrastructure not administered by privileged corporate IT accounts,backup;ppdm;veeam;avamar;networker;commvault;backup agent;backup account;data domain,backup agent services; backup connections; backup accounts,SQL Availability Group replication (not a backup),Backup tool;Coverage;Accounts,services_inventory|installed_software
SEP-BAK-02,3.11,Complete rapid rebuild from offline known-good tested backups,restore;rebuild;offline;recovery test;known-good;disaster recovery;golden image;tested restore,documented restore and rebuild tests,backup agent presence,Restore testing;Offline copies,
SEP-ISO-01,3.12,A graduated tested plan to isolate vital OT for at least three months,isolation plan;three months;graduated;tested;exercise;drawbridge activation;isolation test;cutover plan,documented isolation plan; test records,dependency impact analysis alone (an input to a plan not a plan),Isolation plan;Testing,
SEP-ISO-02,3.12,Thresholds for isolation risk and the manual processes that replace automated IT/OT interactions,threshold;manual process;manual workaround;fallback;trigger;contingency,documented procedures and thresholds,,Thresholds;Manual processes,
SEP-PERIM-01,3.13,Boundary devices at every zone boundary enforcing only approved conduits with no any-any rules,firewall;boundary device;any-any;firewall rule;acl;palo alto;fortigate;checkpoint;perimeter,boundary device inventory; rule review,Windows host firewall profiles (host control),Boundary devices;Rules,firewall_profiles
SEP-PERIM-02,3.13,Internet-facing and external exposure identified and validated,internet-facing;public;external exposure;exposed;inbound from the internet;nat;public ip,public-address connections; exposed listeners,,External exposure,established_connections
SEP-PERIM-03,3.13,Boundary devices administered from the OT side never from a privileged IT account,firewall management;panorama;administered;management plane;firewall administration,boundary device administration records,,Boundary administration,
SEP-VULN-01,3.14,Recurring OT vulnerability assessment independent of IT tooling feeding an OT vulnerability register,vulnerability scan;vulnerability assessment;tenable;nessus;qualys;rapid7;vulnerability register;scan cadence,scanner agents or records; vulnerability register,EDR or AV presence (SEP-VULN-02); patch level,Assessment process;Register,installed_software|services_inventory
SEP-VULN-02,3.14,AV/EDR and application whitelisting deployed and centrally verified on all vital hosts,crowdstrike;falcon;defender;antivirus;edr;applocker;wdac;whitelisting;application control,per-host EDR/AV services; application control policy,,Endpoint protection;Application control,services_inventory|installed_software
SEP-INFRA-01,3.15,Virtualisation hosting vital OT not managed only by privileged corporate IT accounts,vmware;vcenter;esxi;hyper-v;virtual machine;hypervisor;vmtools;vm tools;virtualisation;virtualization,VM indicators; hypervisor management ownership,physical server detail; general dependencies,Hosting platform;Management accounts,installed_software|services_inventory
SEP-SUPPLY-01,3.16,Vendor and third-party remote access through the same controlled monitored architecture with no direct OT-to-internet connections,vendor;third party;third-party;supplier;remote support;teamviewer;anydesk;damm;sepura;radlink;contractor,vendor remote tools; vendor accounts; remote support connections,vendor software installed (product presence is not an access path),Vendor access paths,installed_software|established_connections|local_users
SEP-INET-01,3.17,Outbound HTTP/S only through the OT35 proxy,proxy;https;internet;public ip;azure;windows update;telemetry;cloud;443;private endpoint,proxy configuration; connections to public addresses; private-endpoint routes,private routed services are not internet,Internet route;Proxy,proxy_configuration|established_connections|dependency_summary
SEP-INET-02,3.17,Outbound SMTP through the OT35 proxy not direct or an IT relay,smtp;mail relay;exchange;qrexchange;email;alerting mail;port 25;587,connections to mail ports; application mail configuration,,Mail route,established_connections|role_aware_connectivity
